id;titulo;descripcion;nivel
1;Intranet Ergonomic Concrete Soap Zambian Kwacha;Concrete Bedfordshire;87737
2;program;Metal array France;29651
3;schemas Synergistic Personal Loan Account;Avon;50151
4;digital deposit;extend Unbranded Fresh Pants Tools;57886
5;interfaces;Garden Dale Wallis and Futuna;28654
6;Utah Computers Small Fresh Gloves;Brunei Darussalam interface;82786
7;composite Orchestrator Club;Intelligent Granite Shirt Peru deposit;72609
8;Strategist;card Licensed Cotton Ball;43352
9;bypass Ameliorated;Brand;83598
10;Saudi Riyal paradigms;Corporate;44235
